time,index,label,train_label,wave_form
1.016,254,a,2,0.17419184682616298
1.02,255,a,2,0.17287438202127356
1.024,256,a,2,0.16692064400572923
1.028,257,a,2,0.16709206510803104
1.032,258,a,2,0.16273941035585252
1.036,259,a,2,0.1667445260155282
1.04,260,a,2,0.16531857364088892
1.044,261,a,2,0.16555647151324365
1.048,262,a,2,0.16011222836220126
1.052,263,a,2,0.16496029424191788
1.056,264,a,2,0.17298394308234377
1.06,265,a,2,0.20200362161293844
1.064,266,a,2,0.22339368434171156
1.068,267,a,2,0.2524744587937682
1.072,268,a,2,0.23159711498171573
1.076,269,a,2,0.1921842962044569
1.08,270,a,2,0.11258126352286525
1.084,271,a,2,0.028148419807212544
1.088,272,a,2,-0.034641434950453506
1.092,273,a,2,-0.10452841414702298
1.096,274,a,2,-0.14069956835325712
1.1,275,a,2,-0.1419632241082602
1.104,276,a,2,-0.09140340843193089
1.108,277,a,2,-0.031553162517885085
1.112,278,a,2,0.007355552669651616
1.116,279,a,2,0.05409048912724983
1.12,280,a,2,0.08436385885843
1.124,281,a,2,0.10418134231825066
1.1280000000000001,282,a,2,0.1324579864074057
1.1320000000000001,283,a,2,0.14046277216137698
1.1360000000000001,284,a,2,0.14504037314743665
1.1400000000000001,285,na,0,0.15081645830856807
1.1440000000000001,286,na,0,0.15175524600658166
1.1480000000000001,287,na,0,0.15252795618992454
1.1520000000000001,288,na,0,0.15448846027056234
1.1560000000000001,289,na,0,0.1553129796574166
1.1600000000000001,290,na,0,0.1515926226711656
1.164,291,na,0,0.1534326904873823
1.168,292,na,0,0.15394471392804776
1.172,293,na,0,0.15203796060191627
1.176,294,na,0,0.15433628520678686
1.18,295,na,0,0.14921166402003416
1.184,296,na,0,0.1487711016384696
1.188,297,na,0,0.14805030755495002
1.192,298,na,0,0.14724180941525197
1.196,299,na,0,0.14745694385585154
1.2,300,na,0,0.14695536725632927
1.204,301,na,0,0.14429451435382631
1.208,302,na,0,0.145029754914912
1.212,303,na,0,0.1429000900671902
1.216,304,na,0,0.14408490142759708
1.22,305,na,0,0.14174690712723292
1.224,306,na,0,0.13813283106030855
1.228,307,na,0,0.13783933875114973
1.232,308,na,0,0.13950774530858806
1.236,309,na,0,0.1376514709344453
1.24,310,na,0,0.1349887268809614
1.244,311,t,3,0.1321267238074181
1.248,312,t,3,0.12939259315819954
1.252,313,t,3,0.1335971314979886
1.256,314,t,3,0.131467450569022
1.26,315,t,3,0.12993886459778423
1.264,316,t,3,0.12469483235577612
1.268,317,t,3,0.12481687626654663
1.272,318,t,3,0.12576593695802923
1.276,319,t,3,0.12494930570120585
1.28,320,t,3,0.11946850051948055
1.284,321,t,3,0.11656260796972888
1.288,322,t,3,0.11387514649449496
1.292,323,t,3,0.1120749601193657
1.296,324,t,3,0.10985565382329533
1.3,325,t,3,0.1061094625184172
1.304,326,t,3,0.09932754516766179
1.308,327,t,3,0.08907150377346898
1.312,328,t,3,0.08993773691751554
1.316,329,t,3,0.08697541989238931
1.32,330,t,3,0.08460897982594934
1.324,331,t,3,0.08158693326074724
1.328,332,t,3,0.07243429778986601
1.332,333,t,3,0.06983192544728543
1.336,334,t,3,0.06873835511035067
1.34,335,t,3,0.06700804859681063
1.344,336,t,3,0.06759728537031608
1.348,337,t,3,0.06766855825669198
1.352,338,t,3,0.06339817349728637
1.356,339,t,3,0.06494561359171828
1.36,340,t,3,0.06493197506910628
1.364,341,t,3,0.0643210418817463
1.3679999999999999,342,t,3,0.06958869075945184
1.3719999999999999,343,t,3,0.0730984108727259
1.376,344,t,3,0.0731546400296408
1.38,345,t,3,0.07780735243837257
1.384,346,t,3,0.0831196372170461
1.388,347,t,3,0.08296095859183775
1.392,348,t,3,0.08368295160919662
1.396,349,t,3,0.08689462386487384
1.4,350,t,3,0.08768253093895831
1.404,351,t,3,0.08625534135865794
1.408,352,t,3,0.08819895504592569
1.412,353,t,3,0.08550776937040176
1.416,354,t,3,0.08288341959125547
1.42,355,na,0,0.08405901704326142
1.424,356,na,0,0.08619275001898231
1.428,357,na,0,0.08464543273170662
1.432,358,na,0,0.08732681482172619
1.436,359,na,0,0.0838355913675165
1.44,360,na,0,0.0849779588411883
1.444,361,na,0,0.08012350044472567
1.448,362,na,0,0.08153388601284184
1.452,363,na,0,0.08241801230178385
1.456,364,na,0,0.08209567919378988
1.46,365,na,0,0.08268578169306479
1.464,366,na,0,0.08008690084506731
1.468,367,na,0,0.08112602683964747
1.472,368,na,0,0.07836749800046836
1.476,369,na,0,0.08164691808100479
1.48,370,na,0,0.0775856951360016
1.484,371,na,0,0.07633442707273362
1.488,372,na,0,0.07457331943130216
1.492,373,na,0,0.07653815084634412
1.496,374,na,0,0.07480511610039807
1.5,375,na,0,0.07180139507242668
1.504,376,na,0,0.07240253486039924
1.508,377,na,0,0.07174263807087013
1.512,378,na,0,0.06914996234382415
1.516,379,na,0,0.06996158208724337
1.52,380,na,0,0.06846343792669966
1.524,381,na,0,0.06715989814312545
1.528,382,na,0,0.06407736557550187
1.532,383,na,0,0.06235871923209276
1.536,384,na,0,0.06344795946419013
1.54,385,na,0,0.06385314858268361
1.544,386,na,0,0.06244458083059705
1.548,387,na,0,0.060921052041254656
1.552,388,na,0,0.06244506809489093
1.556,389,na,0,0.05545816749764568
1.56,390,na,0,0.05636749386387181
1.564,391,na,0,0.056870083084345
1.568,392,na,0,0.05556576371311673
1.572,393,na,0,0.05631947320568536
1.576,394,na,0,0.052349074512887686
1.58,395,na,0,0.051669300213364265
1.584,396,na,0,0.050974396305169034
1.588,397,na,0,0.0529525179801878
1.592,398,na,0,0.05325063136293184
1.596,399,na,0,0.054552879090630085
1.6,400,na,0,0.0503184402188238
1.604,401,na,0,0.04739029346275084
1.608,402,na,0,0.044477878178007954
1.612,403,na,0,0.044528412728735
1.616,404,na,0,0.04496728200555949
1.62,405,na,0,0.045962717304665855
1.624,406,na,0,0.043534569023268625
1.6280000000000001,407,na,0,0.04408330736624633
1.6320000000000001,408,na,0,0.044514925435205806
1.6360000000000001,409,na,0,0.042490111611933716
1.6400000000000001,410,na,0,0.04302442246038027
1.6440000000000001,411,na,0,0.041063723561334364
1.6480000000000001,412,na,0,0.04177393223496126
1.6520000000000001,413,na,0,0.03902424500448043
1.6560000000000001,414,na,0,0.03520089336509671
1.6600000000000001,415,na,0,0.03623603401598941
1.6640000000000001,416,na,0,0.03520193689461856
1.6680000000000001,417,na,0,0.03458294154413286
1.6720000000000002,418,na,0,0.03155146187598357
1.6760000000000002,419,na,0,0.03438897504480174
1.6800000000000002,420,na,0,0.0323230303121858
1.6840000000000002,421,na,0,0.029155582144426918
1.6880000000000002,422,na,0,0.030613238783972
1.6920000000000002,423,na,0,0.032556692525829115
1.6960000000000002,424,na,0,0.031438685553024
1.7000000000000002,425,na,0,0.02741487423718433
1.7040000000000002,426,na,0,0.02227557741202611
1.7080000000000002,427,na,0,0.023436415415193427
1.7120000000000002,428,na,0,0.024627920333324987
1.7160000000000002,429,na,0,0.022203114689914594
1.72,430,na,0,0.021064319588856597
1.724,431,na,0,0.018475694362492016
1.728,432,na,0,0.010971814448316122
1.732,433,na,0,0.013695414684616953
1.736,434,na,0,0.012892983167576325
1.74,435,na,0,0.016553286129469172
1.744,436,na,0,0.010532698211524204
1.748,437,na,0,0.007409177253523688
1.752,438,na,0,0.004757224576300398
1.756,439,na,0,0.007804937376216315
1.76,440,na,0,0.009500909336097504
1.764,441,na,0,0.006297360790446117
1.768,442,na,0,0.0027248540344783577
1.772,443,na,0,0.0005167725372782116
1.776,444,na,0,0.002671568862741836
1.78,445,na,0,0.00025692867227086253
1.784,446,na,0,-0.0005053585052181063
1.788,447,na,0,-0.0022104766361348283
1.792,448,na,0,-0.0004943530239133821
1.796,449,na,0,-0.003992212786932029
1.8,450,na,0,-0.005665704581046446
1.804,451,na,0,-0.0034479961123348064
1.808,452,na,0,-0.005448169493069353
1.812,453,na,0,-0.0062331853908662825
1.816,454,na,0,-0.008808503240631827
1.82,455,na,0,-0.009745667361657637
1.824,456,na,0,-0.010657611222452687
1.828,457,na,0,-0.009407342028656838
1.832,458,na,0,-0.009922293817505246
1.836,459,na,0,-0.014864410284190934
1.84,460,na,0,-0.015780219922050264
1.844,461,na,0,-0.016257056865678517
1.848,462,na,0,-0.014478889674729448
1.8519999999999999,463,na,0,-0.01469487695362301
1.8559999999999999,464,na,0,-0.015682356157991625
1.8599999999999999,465,na,0,-0.018698774534897995
1.8639999999999999,466,na,0,-0.01658671578411932
1.8679999999999999,467,na,0,-0.016705125573545858
1.8719999999999999,468,na,0,-0.017751447950979733
1.876,469,na,0,-0.019425097736087235
1.88,470,na,0,-0.019223934949241107
1.884,471,na,0,-0.016389210233964616
1.888,472,na,0,-0.02114664104426892
1.892,473,na,0,-0.021881030641299502
1.896,474,na,0,-0.022537303686854096
1.9,475,na,0,-0.021906763051252352
1.904,476,na,0,-0.021728786135503907
1.908,477,na,0,-0.024074243282055516
1.912,478,na,0,-0.02367408692024394
1.916,479,na,0,-0.024541337746926843
1.92,480,na,0,-0.02865566992205043
1.924,481,na,0,-0.028835649463318742
1.928,482,na,0,-0.0259246351853889
1.932,483,na,0,-0.02804632383656657
1.936,484,na,0,-0.03000644915056865
1.94,485,na,0,-0.03371198668715738
1.944,486,na,0,-0.0336095175883523
1.948,487,na,0,-0.03444932798141028
1.952,488,na,0,-0.03348422331396855
1.956,489,na,0,-0.03468614601340681
1.96,490,na,0,-0.03146854144426244
1.964,491,na,0,-0.02535085974942427
1.968,492,na,0,-0.02219469011712379
1.972,493,p,1,-0.023651282056134693
1.976,494,p,1,-0.01924228217014869
1.98,495,p,1,-0.025116346744491886
1.984,496,p,1,-0.0437770121414681
1.988,497,p,1,-0.05288591688524544
1.992,498,p,1,-0.061488520807986634
1.996,499,p,1,-0.07027955799587862
2.0,500,p,1,-0.07490926828486479
2.004,501,p,1,-0.0784320439209361
2.008,502,p,1,-0.0789625297760973
2.012,503,p,1,-0.07469099195130444
2.016,504,p,1,-0.07164032295629136
2.02,505,na,0,-0.06718342243382394
2.024,506,na,0,-0.05429534818798759
2.028,507,na,0,-0.04683302628270541
2.032,508,na,0,-0.0458287516922055
2.036,509,na,0,-0.05161749880540828
2.04,510,na,0,-0.05025050650309413
2.044,511,na,0,-0.05339711051929849
2.048,512,na,0,-0.05206458586538972
2.052,513,a,2,-0.0529573322825152
2.056,514,a,2,-0.05389342177814866
2.06,515,a,2,-0.05792867762239446
2.064,516,a,2,-0.0542151579197526
2.068,517,a,2,-0.04816188931561061
2.072,518,a,2,-0.020206250421566093
2.076,519,a,2,0.0016826097278347335
2.08,520,a,2,0.034490925590260034
2.084,521,a,2,0.02541490285006315
2.088,522,a,2,-0.012947086656077135
2.092,523,a,2,-0.07623720680906766
2.096,524,a,2,-0.16579908473343707
2.1,525,a,2,-0.23202393362895465
2.104,526,a,2,-0.3134206677566652
2.108,527,a,2,-0.35924269891994576
2.112,528,a,2,-0.380969545147127
2.116,529,a,2,-0.3556486610270793
2.12,530,a,2,-0.29008105235201637
2.124,531,a,2,-0.2372388020853397
2.128,532,a,2,-0.18615717503671245
2.132,533,a,2,-0.1467794284200884
2.136,534,a,2,-0.1272080385937935
2.14,535,a,2,-0.09448343943343739
2.144,536,a,2,-0.0847992740778883
2.148,537,a,2,-0.07563375313412936
2.152,538,na,0,-0.06507820033767814
2.156,539,na,0,-0.06020403059636374
2.16,540,na,0,-0.06422721909640616
2.164,541,na,0,-0.0608272953817012
2.168,542,na,0,-0.061026233174608494
2.1719999999999997,543,na,0,-0.05937896586902439
2.176,544,na,0,-0.05933494533512428
2.1799999999999997,545,na,0,-0.05683167982274195
2.184,546,na,0,-0.0598881810763601
2.1879999999999997,547,na,0,-0.060404677020312
2.192,548,na,0,-0.06074249513623642
2.1959999999999997,549,na,0,-0.05861317028530364
2.2,550,na,0,-0.06092790012822127
2.2039999999999997,551,na,0,-0.0576666365029761
2.208,552,na,0,-0.06465340595871714
2.2119999999999997,553,na,0,-0.06287035687926823
2.216,554,na,0,-0.06147395611226133
2.2199999999999998,555,na,0,-0.06232482085688653
2.224,556,na,0,-0.06471936319575537
2.2279999999999998,557,na,0,-0.06848175727118676
2.232,558,na,0,-0.06808873224919408
2.2359999999999998,559,na,0,-0.06956638232677144
2.24,560,na,0,-0.07125642154633723
2.2439999999999998,561,na,0,-0.07256113200578848
2.248,562,na,0,-0.07185541129028059
2.252,563,na,0,-0.0752388651705119
2.2560000000000002,564,na,0,-0.0767512048331547
2.26,565,na,0,-0.07727118860530323
2.2640000000000002,566,na,0,-0.07995734167504695
2.268,567,na,0,-0.07815129748064976
2.2720000000000002,568,na,0,-0.0778041583331613
2.276,569,na,0,-0.08015382397943396
2.2800000000000002,570,na,0,-0.08174495074509705
2.284,571,na,0,-0.08454346963223529
2.2880000000000003,572,na,0,-0.08711477326504079
2.292,573,na,0,-0.08747135490421998
2.2960000000000003,574,t,3,-0.08832843986009666
2.3,575,t,3,-0.08871152722753162
2.3040000000000003,576,t,3,-0.09123538995895258
2.308,577,t,3,-0.09211200901922964
2.3120000000000003,578,t,3,-0.0957659555758661
2.316,579,t,3,-0.09843865076562758
2.3200000000000003,580,t,3,-0.1023885954592037
2.324,581,t,3,-0.10916422360795648
2.3280000000000003,582,t,3,-0.11197505162026435
2.332,583,t,3,-0.11052499778314566
2.3360000000000003,584,t,3,-0.11889324445187556
2.34,585,t,3,-0.12024320384841802
2.3440000000000003,586,t,3,-0.12362665151220113
2.348,587,t,3,-0.12449004865608182
2.3520000000000003,588,t,3,-0.1287518600346091
2.356,589,t,3,-0.12737414920894977
2.3600000000000003,590,t,3,-0.132913381937419
2.364,591,t,3,-0.13137184531232837
2.3680000000000003,592,t,3,-0.13529783582715235
2.372,593,t,3,-0.13047228397532062
2.3760000000000003,594,t,3,-0.13057427512357617
2.38,595,t,3,-0.12793093411938875
2.3840000000000003,596,t,3,-0.1300675201251097
2.388,597,t,3,-0.12351419995658305
2.3920000000000003,598,t,3,-0.12157608461272337
2.396,599,t,3,-0.11736196943325311
2.4000000000000004,600,t,3,-0.11704163494084938
2.404,601,t,3,-0.11734081907538278
2.4080000000000004,602,t,3,-0.11414266169523025
2.412,603,t,3,-0.1148214997751317
2.4160000000000004,604,t,3,-0.11037510935819106
2.42,605,t,3,-0.11244017579896834
2.424,606,t,3,-0.11198484028933581
2.428,607,t,3,-0.10887907260474279
2.432,608,na,0,-0.1098359284854474
2.436,609,na,0,-0.10977560066360464
2.44,610,na,0,-0.10907896912368108
2.444,611,na,0,-0.10783760659882592
2.448,612,na,0,-0.11411809135300144
2.452,613,na,0,-0.11214227660897398
2.456,614,na,0,-0.11186265025256906
2.46,615,na,0,-0.11179243984100087
2.464,616,na,0,-0.11245907134904001
2.468,617,na,0,-0.1106628263691591
2.472,618,na,0,-0.11158171047518188
2.476,619,na,0,-0.1130573598683288
2.48,620,na,0,-0.1126303364750946
2.484,621,na,0,-0.1138904837789488
2.488,622,na,0,-0.11617581925472951
2.492,623,na,0,-0.11886264678644014
2.496,624,na,0,-0.11728419426452961
2.5,625,na,0,-0.1178171794367507
2.504,626,na,0,-0.12130275406555163
2.508,627,na,0,-0.11888839827023615
2.512,628,na,0,-0.12102475862010399
2.516,629,na,0,-0.12016670169277231
2.52,630,na,0,-0.11892783424258546
2.524,631,na,0,-0.11937469433783005
2.528,632,na,0,-0.12054526435143952
2.532,633,na,0,-0.12184146464681182
2.536,634,na,0,-0.12314928968450997
2.54,635,na,0,-0.12001504350117796
2.544,636,na,0,-0.12459866784925301
2.548,637,na,0,-0.12265099130924435
2.552,638,na,0,-0.12440617226359524
2.556,639,na,0,-0.12691744817690537
2.56,640,na,0,-0.12837883246885973
2.564,641,na,0,-0.12555731826512834
2.568,642,na,0,-0.12570713357762386
2.572,643,na,0,-0.12824797660089984
2.576,644,na,0,-0.1306860394961033
2.58,645,na,0,-0.13154399822316723
2.584,646,na,0,-0.12849120868050434
2.588,647,na,0,-0.12582958439121866
2.592,648,na,0,-0.13019367539794516
2.596,649,na,0,-0.13179573953218773
2.6,650,na,0,-0.13588856173498481
2.604,651,na,0,-0.1399521339873089
2.608,652,na,0,-0.1407917925179755
2.612,653,na,0,-0.14196830932847745
2.616,654,na,0,-0.1437299815737649
2.62,655,na,0,-0.1428258101004617
2.624,656,na,0,-0.1461387884142961
2.628,657,na,0,-0.1443083172950311
2.632,658,na,0,-0.14470504887067695
2.636,659,na,0,-0.14362582292032464
2.64,660,na,0,-0.14381709835505946
2.644,661,na,0,-0.1451461564523226
2.648,662,na,0,-0.14754134656995846
2.652,663,na,0,-0.14585979772297963
2.656,664,na,0,-0.14496975199270182
2.66,665,na,0,-0.14493387321405315
2.664,666,na,0,-0.14615512281461662
2.668,667,na,0,-0.14843978508032982
2.672,668,na,0,-0.14798404967630432
2.676,669,na,0,-0.147733984353229
2.68,670,na,0,-0.14934020486106328
2.684,671,na,0,-0.15063924165845535
2.6879999999999997,672,na,0,-0.152473401136916
2.692,673,na,0,-0.15100372555283584
2.6959999999999997,674,na,0,-0.1477766884378947
2.7,675,na,0,-0.14937530925677886
2.7039999999999997,676,na,0,-0.15384109265707122
2.708,677,na,0,-0.1518317514478067
2.7119999999999997,678,na,0,-0.15234946506319624
2.716,679,na,0,-0.14849165795573918
2.7199999999999998,680,na,0,-0.15164330712819896
2.724,681,na,0,-0.1509558773066885
2.7279999999999998,682,na,0,-0.1524266445174392
2.732,683,na,0,-0.15748271928081328
2.7359999999999998,684,na,0,-0.15621577971359452
2.74,685,na,0,-0.15672192707307633
2.7439999999999998,686,na,0,-0.15565715001641153
2.748,687,na,0,-0.15762840754771196
2.752,688,na,0,-0.15873412647156376
2.7560000000000002,689,na,0,-0.15669353524036617
2.76,690,na,0,-0.1579067595625011
2.7640000000000002,691,na,0,-0.15835586715970168
2.768,692,na,0,-0.15684157429436993
2.7720000000000002,693,na,0,-0.15717562739149762
2.776,694,na,0,-0.15930247783896917
2.7800000000000002,695,na,0,-0.15704961816071983
2.784,696,na,0,-0.1573776097162173
2.7880000000000003,697,na,0,-0.1566271686074837
2.792,698,na,0,-0.16002188249198673
2.7960000000000003,699,na,0,-0.16184355373005344
2.8,700,na,0,-0.16221658186340887
2.8040000000000003,701,na,0,-0.16134590194661735
2.808,702,na,0,-0.1594468524308372
2.8120000000000003,703,na,0,-0.15887895783081862
2.816,704,na,0,-0.16028552737327253
2.8200000000000003,705,na,0,-0.1649390385625828
2.824,706,na,0,-0.16350571843056397
2.8280000000000003,707,na,0,-0.16262593300467806
2.832,708,na,0,-0.16198870118474007
2.8360000000000003,709,na,0,-0.16213898905902016
2.84,710,na,0,-0.16378995363539667
2.8440000000000003,711,na,0,-0.16451086924422578
2.848,712,na,0,-0.16476434360821654
2.8520000000000003,713,na,0,-0.1659418475398192
2.856,714,na,0,-0.16581470702151657
2.8600000000000003,715,na,0,-0.1665718803305089
2.864,716,na,0,-0.16497433093487826
2.8680000000000003,717,na,0,-0.16684408671242593
2.872,718,na,0,-0.16653277832930866
2.8760000000000003,719,na,0,-0.16576468838344954
2.88,720,na,0,-0.1692291892890034
2.8840000000000003,721,na,0,-0.16617445318680485
2.888,722,na,0,-0.1671933131030796
2.8920000000000003,723,na,0,-0.1661618760473856
2.896,724,na,0,-0.1657999603572602
2.9000000000000004,725,na,0,-0.16811359026617298
2.904,726,na,0,-0.16898698908504758
2.9080000000000004,727,na,0,-0.16756899394323332
2.912,728,na,0,-0.16671332725846705
2.9160000000000004,729,na,0,-0.1668603671987143
2.92,730,na,0,-0.16802600114347713
2.9240000000000004,731,na,0,-0.17136669126666906
2.928,732,na,0,-0.16923595007903458
2.9320000000000004,733,na,0,-0.16810049145425307
2.936,734,na,0,-0.1673765700777374
2.94,735,na,0,-0.16822912348113575
2.944,736,na,0,-0.17156227346067235
2.948,737,na,0,-0.17125059570114817
2.952,738,na,0,-0.16930662132075927
2.956,739,na,0,-0.16903552264384922
2.96,740,na,0,-0.1703055059077064
2.964,741,na,0,-0.16652842105294116
2.968,742,na,0,-0.16039443256634672
2.972,743,p,1,-0.15690422284319724
2.976,744,p,1,-0.15671930266649525
2.98,745,p,1,-0.15558922488612234
2.984,746,p,1,-0.16264475023041908
2.988,747,p,1,-0.17869273480781744
2.992,748,p,1,-0.1822553879929246
2.996,749,p,1,-0.18759357757025183
3.0,750,p,1,-0.19493910544343562
3.004,751,p,1,-0.2068750678929765
3.008,752,p,1,-0.20429023579930972
3.012,753,p,1,-0.2021351984898302
3.016,754,p,1,-0.1969551221512816
3.02,755,p,1,-0.1934815908721644
3.024,756,p,1,-0.18694924830410603
3.028,757,na,0,-0.17323561451473624
3.032,758,na,0,-0.17031582398057735
3.036,759,na,0,-0.17421094847354737
3.04,760,na,0,-0.17546159902771302
3.044,761,na,0,-0.17597254542687563
3.048,762,na,0,-0.1758488986878795
3.052,763,na,0,-0.17510243964349603
3.056,764,na,0,-0.1753603379537319
3.06,765,na,0,-0.1781391474599099
3.064,766,a,2,-0.17541893365028113
3.068,767,a,2,-0.17557284477672133
3.072,768,a,2,-0.16050542768756818
3.076,769,a,2,-0.1356842201034293
3.08,770,a,2,-0.11236068050735212
3.084,771,a,2,-0.08300939260230344
3.088,772,a,2,-0.11148718384747647
3.092,773,a,2,-0.14376521739534803
3.096,774,a,2,-0.22378397696231206
3.1,775,a,2,-0.2984992750558971
3.104,776,a,2,-0.36852643282891423
3.108,777,a,2,-0.4368734080302153
3.112,778,a,2,-0.47779039852210253
3.116,779,a,2,-0.49231903496301005
3.12,780,a,2,-0.4526771834520223
3.124,781,a,2,-0.3835973131714929
3.128,782,a,2,-0.3387181106769332
3.132,783,a,2,-0.2834875178518542
3.136,784,a,2,-0.25459715230655555
3.14,785,a,2,-0.2339325912102168
3.144,786,a,2,-0.20337320050797086
3.148,787,a,2,-0.19084233082216714
3.152,788,na,0,-0.17957553377594154
3.156,789,na,0,-0.17376157152010707
3.16,790,na,0,-0.1741042854353098
3.164,791,na,0,-0.17533672526334015
3.168,792,na,0,-0.1708436356568355
3.172,793,na,0,-0.1677857953010788
3.176,794,na,0,-0.16699916075948742
3.18,795,na,0,-0.16868301052798113
3.184,796,na,0,-0.16573863867841335
3.188,797,na,0,-0.1632930999610791
3.192,798,na,0,-0.16492244868849212
3.196,799,na,0,-0.16190732021856707
3.2,800,na,0,-0.16492303735119931
3.204,801,na,0,-0.16738684330161305
3.208,802,na,0,-0.16364874073475927
3.212,803,na,0,-0.16413481997486745
3.216,804,na,0,-0.1634247199993678
3.22,805,na,0,-0.16681755770333753
3.224,806,na,0,-0.1638150735770202
3.228,807,na,0,-0.1647819985440679
3.232,808,na,0,-0.16533465529794583
3.236,809,na,0,-0.16727555302185929
3.24,810,na,0,-0.16947171306035408
3.244,811,na,0,-0.16871506508056516
3.248,812,na,0,-0.16926111346389244
3.2520000000000002,813,na,0,-0.1676497791815978
3.2560000000000002,814,t,3,-0.16673792641954752
3.2600000000000002,815,t,3,-0.16984661817285548
3.2640000000000002,816,t,3,-0.1716999199935796
3.2680000000000002,817,t,3,-0.1739935502408446
3.2720000000000002,818,t,3,-0.17096609816141417
3.2760000000000002,819,t,3,-0.17061977396531908
3.2800000000000002,820,t,3,-0.17353289738357855
3.2840000000000003,821,t,3,-0.17408744453952585
3.2880000000000003,822,t,3,-0.17613530018858714
3.2920000000000003,823,t,3,-0.1770710974672785
3.2960000000000003,824,t,3,-0.17976793210480985
3.3000000000000003,825,t,3,-0.1788159572173233
3.3040000000000003,826,t,3,-0.18395289028243184
3.3080000000000003,827,t,3,-0.18533636331420114
3.3120000000000003,828,t,3,-0.18482542768941887
3.3160000000000003,829,t,3,-0.18573451125189006
3.3200000000000003,830,t,3,-0.18667525840509097
3.324,831,t,3,-0.1904723224711789
3.328,832,t,3,-0.19698625143564558
3.332,833,t,3,-0.19843037988031192
3.336,834,t,3,-0.2025659576071671
3.34,835,t,3,-0.2110278796377882
3.344,836,t,3,-0.21412201275575732
3.348,837,t,3,-0.21314142139543585
3.352,838,t,3,-0.21637675302741288
3.356,839,t,3,-0.2159487412394286
3.36,840,t,3,-0.21922634699708599
3.364,841,t,3,-0.21763593799759148
3.368,842,t,3,-0.21628463067499756
3.372,843,t,3,-0.21649865592261658
3.376,844,t,3,-0.21848031988122543
3.38,845,t,3,-0.214517465928745
3.384,846,t,3,-0.20889857486823407
3.388,847,t,3,-0.20407817159655442
3.392,848,t,3,-0.2000971647628807
3.396,849,t,3,-0.19796754450155676
3.4,850,t,3,-0.19399392196027296
3.404,851,t,3,-0.19248934564731518
3.408,852,t,3,-0.19025026026688502
3.412,853,t,3,-0.18709551693067217
3.416,854,t,3,-0.18575806703447695
3.42,855,t,3,-0.1809471914157806
3.424,856,t,3,-0.1824319124208332
3.428,857,na,0,-0.17888813479647026
3.432,858,na,0,-0.17943823499524417
3.436,859,na,0,-0.1765440192723631
3.44,860,na,0,-0.17915221393759886
3.444,861,na,0,-0.1777161263474343
3.448,862,na,0,-0.17886383575172463
3.452,863,na,0,-0.18059247509874476
3.456,864,na,0,-0.17507993282442127
3.46,865,na,0,-0.17809696931193475
3.464,866,na,0,-0.177968073797815
3.468,867,na,0,-0.17708342167286226
3.472,868,na,0,-0.17744827262875554
3.476,869,na,0,-0.17566943125080278
3.48,870,na,0,-0.17640847714084237
3.484,871,na,0,-0.17813617482670627
3.488,872,na,0,-0.1745226846767796
3.492,873,na,0,-0.17575467934723607
3.496,874,na,0,-0.17385009547089864
3.5,875,na,0,-0.17602060464437427
3.504,876,na,0,-0.17832311820374436
3.508,877,na,0,-0.17705430247967624
3.512,878,na,0,-0.17493192971343458
3.516,879,na,0,-0.17275322492131473
3.52,880,na,0,-0.17518203473529004
3.524,881,na,0,-0.1787685155202954
3.528,882,na,0,-0.17616036083634565
3.532,883,na,0,-0.18077141539225308
3.536,884,na,0,-0.1759884315181481
3.54,885,na,0,-0.17365815216934263
3.544,886,na,0,-0.17494752415004924
3.548,887,na,0,-0.17390538304695546
3.552,888,na,0,-0.17084578061774652
3.556,889,na,0,-0.1752561754384677
3.56,890,na,0,-0.17619701994227163
3.564,891,na,0,-0.17223828506123998
3.568,892,na,0,-0.17453113072474932
3.572,893,na,0,-0.17405425033564237
3.576,894,na,0,-0.17470527329948346
3.58,895,na,0,-0.17197453535999843
3.584,896,na,0,-0.17490985244983545
3.588,897,na,0,-0.1743224390033874
3.592,898,na,0,-0.17452592947175916
3.596,899,na,0,-0.17640884296434484
3.6,900,na,0,-0.1748573632920849
3.604,901,na,0,-0.1784279693850853
3.608,902,na,0,-0.17909737188799546
3.612,903,na,0,-0.1753084274852188
3.616,904,na,0,-0.17276641241806906
3.62,905,na,0,-0.1731843108088779
3.624,906,na,0,-0.1747684119569552
3.628,907,na,0,-0.17419907031097426
3.632,908,na,0,-0.17659038169298608
3.636,909,na,0,-0.17549966570387307
3.64,910,na,0,-0.17797583064260372
3.644,911,na,0,-0.17743335308758118
3.648,912,na,0,-0.17887748342105342
3.652,913,na,0,-0.1769985614607844
3.656,914,na,0,-0.17413842452180814
3.66,915,na,0,-0.17229118969048623
3.664,916,na,0,-0.1717697109839457
3.668,917,na,0,-0.1709408205628756
3.672,918,na,0,-0.1724075063021582
3.676,919,na,0,-0.17454647672637286
3.68,920,na,0,-0.17406283737308859
3.684,921,na,0,-0.17320906039814338
3.688,922,na,0,-0.1739212432729225
3.692,923,na,0,-0.17460004442966126
3.696,924,na,0,-0.17583249168546752
3.7,925,na,0,-0.17578588954688332
3.704,926,na,0,-0.1727404435247516
3.708,927,na,0,-0.17569631694438578
3.712,928,na,0,-0.173658738972866
3.716,929,na,0,-0.17607048780841128
3.72,930,na,0,-0.17510698037678432
3.724,931,na,0,-0.17195589647101892
3.728,932,na,0,-0.17727184078424554
3.732,933,na,0,-0.17439370206661184
3.736,934,na,0,-0.17159621145949533
3.74,935,na,0,-0.1742346626300612
3.744,936,na,0,-0.1714041384134643
3.748,937,na,0,-0.17316971437368672
3.7520000000000002,938,na,0,-0.17401109289084368
3.7560000000000002,939,na,0,-0.17335065283980247
3.7600000000000002,940,na,0,-0.17308791420482733
3.7640000000000002,941,na,0,-0.17524305846452648
3.7680000000000002,942,na,0,-0.17085505986771862
3.7720000000000002,943,na,0,-0.17182651942939048
3.7760000000000002,944,na,0,-0.17194347987561132
3.7800000000000002,945,na,0,-0.17141031784249028
3.7840000000000003,946,na,0,-0.16819673262448673
3.7880000000000003,947,na,0,-0.1690457568795899
3.7920000000000003,948,na,0,-0.1724159149943333
3.7960000000000003,949,na,0,-0.1717221953937623
3.8000000000000003,950,na,0,-0.16908118654934223
3.8040000000000003,951,na,0,-0.16941337924143532
3.8080000000000003,952,na,0,-0.16777207853496756
3.8120000000000003,953,na,0,-0.16837079167384894
3.8160000000000003,954,na,0,-0.1707941521428713
3.8200000000000003,955,na,0,-0.1731890128485201
3.8240000000000003,956,na,0,-0.1705003249877048
3.8280000000000003,957,na,0,-0.1688164001206427
3.832,958,na,0,-0.1715866809841646
3.836,959,na,0,-0.17169826773630584
3.84,960,na,0,-0.16930888198150196
3.844,961,na,0,-0.16891423313900342
3.848,962,na,0,-0.16727973358720508
3.852,963,na,0,-0.17153371519438718
3.856,964,na,0,-0.1734455472221147
3.86,965,na,0,-0.169005845672191
3.864,966,na,0,-0.1686642331415097
3.868,967,na,0,-0.16561202549945933
3.872,968,na,0,-0.16950733050095032
3.876,969,na,0,-0.17009451173533385
3.88,970,na,0,-0.17143344781901265
3.884,971,na,0,-0.1689174965490862
3.888,972,na,0,-0.16612624060178754
3.892,973,na,0,-0.16670564132693919
3.896,974,na,0,-0.16746700952867555
3.9,975,na,0,-0.1661521618668146
3.904,976,na,0,-0.16833457266543833
3.908,977,na,0,-0.16622658709063284
3.912,978,na,0,-0.16650634923421453
3.916,979,na,0,-0.16890914069185575
3.92,980,na,0,-0.16689033355220825
3.924,981,na,0,-0.16274969362361427
3.928,982,na,0,-0.15102904260594302
3.932,983,na,0,-0.148997428816046
3.936,984,na,0,-0.14991065981544444
3.94,985,p,1,-0.14706666319459213
3.944,986,p,1,-0.14839855136562422
3.948,987,p,1,-0.15572426302439082
3.952,988,p,1,-0.17321390708850215
3.956,989,p,1,-0.1796644843309392
3.96,990,p,1,-0.19043434615641572
3.964,991,p,1,-0.19492686440723744
3.968,992,p,1,-0.19716899610353036
3.972,993,p,1,-0.19147743783335155
3.976,994,p,1,-0.19006812267380868
3.98,995,p,1,-0.1845298570186186
3.984,996,p,1,-0.17282537738498172
3.988,997,na,0,-0.1596020968781591
3.992,998,na,0,-0.15537745558612
3.996,999,na,0,-0.15560105735278032
4.0,1000,na,0,-0.1622982072411618
4.004,1001,na,0,-0.1574573449367357
4.008,1002,na,0,-0.16019119856416758
4.0120000000000005,1003,na,0,-0.15731889348765019
4.016,1004,na,0,-0.1599742028684464
4.02,1005,na,0,-0.15851079071507376
4.024,1006,a,2,-0.16044102849941244
4.0280000000000005,1007,a,2,-0.15507936698392147
4.032,1008,a,2,-0.15044834651849084
4.036,1009,a,2,-0.12787439310599816
4.04,1010,a,2,-0.10497523519765184
4.0440000000000005,1011,a,2,-0.07508862438448245
4.048,1012,a,2,-0.07688253026647349
4.052,1013,a,2,-0.11763995022590414
4.056,1014,a,2,-0.17816468427104243
4.0600000000000005,1015,a,2,-0.26549977943361486
4.064,1016,a,2,-0.30987108492781534
4.068,1017,a,2,-0.3740084292133832
4.072,1018,a,2,-0.4103309258698721
4.0760000000000005,1019,a,2,-0.4215413026155634
4.08,1020,a,2,-0.403639562665427
4.084,1021,a,2,-0.3394780539872618
4.088,1022,a,2,-0.2894793766268586
4.0920000000000005,1023,a,2,-0.2531609553029535
4.096,1024,a,2,-0.20807707548692053
4.1,1025,a,2,-0.19466563055600813
4.104,1026,a,2,-0.17486305691791995
4.1080000000000005,1027,a,2,-0.15207168198634474
4.112,1028,na,0,-0.1473200444486658
4.116,1029,na,0,-0.1420919968637723
4.12,1030,na,0,-0.1460464130110466
4.1240000000000006,1031,na,0,-0.1441194654869764
4.128,1032,na,0,-0.13598314715385504
4.132,1033,na,0,-0.13431304359401122
4.136,1034,na,0,-0.13568100366713706
4.140000000000001,1035,na,0,-0.13908105821905767
4.144,1036,na,0,-0.13683558599813733
4.148,1037,na,0,-0.13541180787994314
4.152,1038,na,0,-0.13493093465752368
4.156000000000001,1039,na,0,-0.13476787443209037
4.16,1040,na,0,-0.1363559282711663
4.164,1041,na,0,-0.13382888830296763
4.168,1042,na,0,-0.1362549597586946
4.172000000000001,1043,na,0,-0.13788387005557515
4.176,1044,na,0,-0.1345328260932447
4.18,1045,na,0,-0.1357461571453957
4.184,1046,na,0,-0.13412980691307055
4.188000000000001,1047,na,0,-0.13249932086520894
4.192,1048,na,0,-0.13305645111215528
4.196,1049,na,0,-0.13264327870549292
4.2,1050,na,0,-0.13213904672880267
4.204000000000001,1051,na,0,-0.13557828996009005
4.208,1052,t,3,-0.13727874237154536
4.212,1053,t,3,-0.1366054051683802
4.216,1054,t,3,-0.13581170850147223
4.220000000000001,1055,t,3,-0.1364875897717567
4.224,1056,t,3,-0.13819434403589378
4.228,1057,t,3,-0.1388111067916974
4.232,1058,t,3,-0.14097061282584838
4.236000000000001,1059,t,3,-0.1404525524601343
4.24,1060,t,3,-0.14386455226486392
4.244,1061,t,3,-0.14284125582985313
4.248,1062,t,3,-0.1467371697154988
4.252000000000001,1063,t,3,-0.14451248607041772
4.256,1064,t,3,-0.1485986158202158
4.26,1065,t,3,-0.1489544610850155
4.264,1066,t,3,-0.15156701271077425
4.268000000000001,1067,t,3,-0.15314883840440227
4.272,1068,t,3,-0.1569714367549134
4.276,1069,t,3,-0.15812109603925725
4.28,1070,t,3,-0.1625331852115609
4.284000000000001,1071,t,3,-0.16816475644586965
4.288,1072,t,3,-0.17097672474463663
4.292,1073,t,3,-0.17622867811803522
4.296,1074,t,3,-0.18301981790058314
4.300000000000001,1075,t,3,-0.18201545284344212
4.304,1076,t,3,-0.18777015350667953
4.308,1077,t,3,-0.1904680961299941
4.312,1078,t,3,-0.1949334428504572
4.316000000000001,1079,t,3,-0.19852533362330088
4.32,1080,t,3,-0.1980119168346031
4.324,1081,t,3,-0.19696373261510583
4.328,1082,t,3,-0.19566371861843807
4.332000000000001,1083,t,3,-0.19598692530815354
4.336,1084,t,3,-0.19326243156722758
4.34,1085,t,3,-0.18839228150393247
4.344,1086,t,3,-0.1833088785312484
4.348,1087,t,3,-0.1766188803608272
4.352,1088,t,3,-0.1726291004955045
4.356,1089,t,3,-0.1688944943988651
4.359999999999999,1090,t,3,-0.16639356773232852
4.364,1091,t,3,-0.1642314756494014
4.368,1092,t,3,-0.15513792162149975
4.372,1093,t,3,-0.15143155924510912
4.3759999999999994,1094,t,3,-0.1518399676300766
4.38,1095,t,3,-0.1504146475048542
4.384,1096,t,3,-0.14932612409410814
4.388,1097,t,3,-0.14487372629219195
4.3919999999999995,1098,na,0,-0.1423985599809948
4.396,1099,na,0,-0.1399744600371927
4.4,1100,na,0,-0.13764245688377189
4.404,1101,na,0,-0.1409684686524051
4.4079999999999995,1102,na,0,-0.14088627775780266
4.412,1103,na,0,-0.13894516427045434
4.416,1104,na,0,-0.1374155274130687
4.42,1105,na,0,-0.13819112060989094
4.4239999999999995,1106,na,0,-0.1355723229095575
4.428,1107,na,0,-0.13575772263276828
4.432,1108,na,0,-0.13526212144164707
4.436,1109,na,0,-0.13549621881157584
4.4399999999999995,1110,na,0,-0.13642918692657435
4.444,1111,na,0,-0.13543955884775666
4.448,1112,na,0,-0.13556759514681885
4.452,1113,na,0,-0.1356053294869411
4.4559999999999995,1114,na,0,-0.13612033328739093
4.46,1115,na,0,-0.1362475726419691
4.464,1116,na,0,-0.13585875333612998
4.468,1117,na,0,-0.13212570532428852
4.4719999999999995,1118,na,0,-0.1355954899734344
4.476,1119,na,0,-0.13390102100984877
4.48,1120,na,0,-0.13710569035912812
4.484,1121,na,0,-0.13436358294071055
4.4879999999999995,1122,na,0,-0.13274947030992662
4.492,1123,na,0,-0.1343279560119366
4.496,1124,na,0,-0.13205292757917692
4.5,1125,na,0,-0.1306836891080454
4.504,1126,na,0,-0.133686896691569
4.508,1127,na,0,-0.13343103993791128
4.5120000000000005,1128,na,0,-0.13337003721770224
4.516,1129,na,0,-0.1330300008264716
4.52,1130,na,0,-0.1357429957646526
4.524,1131,na,0,-0.13668758290159336
4.5280000000000005,1132,na,0,-0.13426778103006254
4.532,1133,na,0,-0.13617210808924113
4.536,1134,na,0,-0.1354534956705759
4.54,1135,na,0,-0.1292196403382286
4.5440000000000005,1136,na,0,-0.1326330192169179
4.548,1137,na,0,-0.13306334153661478
4.552,1138,na,0,-0.13447945279053133
4.556,1139,na,0,-0.1354361682369664
4.5600000000000005,1140,na,0,-0.13128394459420298
4.564,1141,na,0,-0.13096288567343237
4.568,1142,na,0,-0.13032664439204641
4.572,1143,na,0,-0.13070443707283053
4.5760000000000005,1144,na,0,-0.13485883285186911
4.58,1145,na,0,-0.13828228755936503
4.584,1146,na,0,-0.1332129586852067
4.588,1147,na,0,-0.13017168143227817
4.5920000000000005,1148,na,0,-0.13160901840520983
4.596,1149,na,0,-0.13177005534789624
4.6,1150,na,0,-0.12955073255386543
4.604,1151,na,0,-0.13198410896172608
4.6080000000000005,1152,na,0,-0.13482808962732387
4.612,1153,na,0,-0.13125135038313904
4.616,1154,na,0,-0.13196794024911165
4.62,1155,na,0,-0.1321936161117526
4.6240000000000006,1156,na,0,-0.12943625250536475
4.628,1157,na,0,-0.13416830327312348
4.632,1158,na,0,-0.13339825946927683
4.636,1159,na,0,-0.13097729618472365
4.640000000000001,1160,na,0,-0.13201184379430114
4.644,1161,na,0,-0.13131450979659806
4.648,1162,na,0,-0.13091459517243284
4.652,1163,na,0,-0.13010558313082438
4.656000000000001,1164,na,0,-0.13370828586309427
4.66,1165,na,0,-0.13538028642390088
4.664,1166,na,0,-0.1336392594507009
4.668,1167,na,0,-0.1335121768922917
4.672000000000001,1168,na,0,-0.1347840129525479
4.676,1169,na,0,-0.13170229722329935
4.68,1170,na,0,-0.13309502146088648
4.684,1171,na,0,-0.13373785908033312
4.688000000000001,1172,na,0,-0.13494837979533458
4.692,1173,na,0,-0.13676087003896487
4.696,1174,na,0,-0.13208220877479623
4.7,1175,na,0,-0.1286370807452402
4.704000000000001,1176,na,0,-0.1339007136820066
4.708,1177,na,0,-0.1350445774638874
4.712,1178,na,0,-0.1351831104912963
4.716,1179,na,0,-0.13205777903082233
4.720000000000001,1180,na,0,-0.1351153674674043
4.724,1181,na,0,-0.13447061197469834
4.728,1182,na,0,-0.1319942458551136
4.732,1183,na,0,-0.13444009567783352
4.736000000000001,1184,na,0,-0.13479962662699438
4.74,1185,na,0,-0.13278550435107406
4.744,1186,na,0,-0.13120436469090063
4.748,1187,na,0,-0.13240541248724985
4.752000000000001,1188,na,0,-0.13411134441223205
4.756,1189,na,0,-0.13296368345793086
4.76,1190,na,0,-0.13160937762229258
4.764,1191,na,0,-0.13001967579515344
4.768000000000001,1192,na,0,-0.13337167238436606
4.772,1193,na,0,-0.1361403174805403
4.776,1194,na,0,-0.13328549276488985
4.78,1195,na,0,-0.13109675446871907
4.784000000000001,1196,na,0,-0.1255724329811049
4.788,1197,na,0,-0.13071790029237898
4.792,1198,na,0,-0.12777816476894022
4.796,1199,na,0,-0.1310859681169376
4.800000000000001,1200,na,0,-0.13362804268616707
4.804,1201,na,0,-0.13348945328492973
4.808,1202,na,0,-0.13252065393647822
4.812,1203,na,0,-0.12977825178810018
4.816000000000001,1204,na,0,-0.1334433608205095
4.82,1205,na,0,-0.13214227181927804
4.824,1206,na,0,-0.13238724739900715
4.828,1207,na,0,-0.13334186121566044
4.832000000000001,1208,na,0,-0.13162015711007366
4.836,1209,na,0,-0.133970355255812
4.84,1210,na,0,-0.13546045673171067
4.844,1211,na,0,-0.13278936073291406
4.848000000000001,1212,na,0,-0.13686425652959816
4.852,1213,na,0,-0.13747717834487813
4.856,1214,na,0,-0.13273130054204577
4.859999999999999,1215,na,0,-0.13528462512507855
4.864,1216,na,0,-0.13329662544612944
4.868,1217,na,0,-0.13234630775647757
4.872,1218,na,0,-0.13058593783636324
4.8759999999999994,1219,na,0,-0.12533278555898208
4.88,1220,na,0,-0.11905790556682967
4.884,1221,na,0,-0.11914127935912487
4.888,1222,p,1,-0.1139137645678377
4.8919999999999995,1223,p,1,-0.1160424642386324
4.896,1224,p,1,-0.13105286620246318
4.9,1225,p,1,-0.14505018294777425
4.904,1226,p,1,-0.15751757799009153
4.9079999999999995,1227,p,1,-0.16199343857355616
4.912,1228,p,1,-0.16670074134727242
4.916,1229,p,1,-0.1684166357710448
4.92,1230,p,1,-0.1705488560536691
4.9239999999999995,1231,p,1,-0.16859696689643736
4.928,1232,p,1,-0.15788398065849266
4.932,1233,p,1,-0.14569944989100966
4.936,1234,na,0,-0.13639373274336603
4.9399999999999995,1235,na,0,-0.1255345579630404
4.944,1236,na,0,-0.12904807533676532
4.948,1237,na,0,-0.13455014920052052
4.952,1238,na,0,-0.13185382201979087
4.9559999999999995,1239,na,0,-0.1315852465750916
4.96,1240,na,0,-0.13328721954373585
4.964,1241,na,0,-0.13099718949807543
4.968,1242,na,0,-0.12948736241871156
4.9719999999999995,1243,a,2,-0.13168235326523933
4.976,1244,a,2,-0.12815628006835209
4.98,1245,a,2,-0.12395974056875642
4.984,1246,a,2,-0.10098728487071292
4.9879999999999995,1247,a,2,-0.07508597979585402
4.992,1248,a,2,-0.04645440484360123
4.996,1249,a,2,-0.04402573452756955
5.0,1250,a,2,-0.08607369886096579
5.004,1251,a,2,-0.14363089316747607
5.008,1252,a,2,-0.2306651171102106
5.0120000000000005,1253,a,2,-0.28051494995647736
5.016,1254,a,2,-0.3457636417502636
5.0200000000000005,1255,a,2,-0.3921409286744184
5.024,1256,a,2,-0.400986581073175
5.0280000000000005,1257,a,2,-0.37936743806755846
5.032,1258,a,2,-0.3173214499934799
5.0360000000000005,1259,a,2,-0.26734636319235305
5.04,1260,a,2,-0.23424588804030605
5.0440000000000005,1261,a,2,-0.1880209493920936
5.048,1262,a,2,-0.17264913305035154
5.0520000000000005,1263,a,2,-0.15174100283385616
5.056,1264,a,2,-0.12838107929397252
5.0600000000000005,1265,na,0,-0.12553108757165968
5.064,1266,na,0,-0.12094609934481287
5.0680000000000005,1267,na,0,-0.12045730485101931
5.072,1268,na,0,-0.11728948658048076
5.0760000000000005,1269,na,0,-0.12044731692977978
5.08,1270,na,0,-0.11665670657366484
5.0840000000000005,1271,na,0,-0.11194021420914564
5.088,1272,na,0,-0.11613740745245069
5.0920000000000005,1273,na,0,-0.11452670876267791
5.096,1274,na,0,-0.1137805799966992
5.1000000000000005,1275,na,0,-0.11384177295581471
5.104,1276,na,0,-0.11210566860695158
5.1080000000000005,1277,na,0,-0.11623842520944663
5.112,1278,na,0,-0.11650719625776883
5.116,1279,na,0,-0.11382314020009901
5.12,1280,na,0,-0.11234581666611598
5.124,1281,na,0,-0.11373515144562657
5.128,1282,na,0,-0.11133208896032214
5.132,1283,na,0,-0.11347804892769832
5.136,1284,na,0,-0.11146773166767028
5.14,1285,na,0,-0.11250558699269618
5.144,1286,t,3,-0.11122121012319432
5.148,1287,t,3,-0.11033257981537484
5.152,1288,t,3,-0.11213693391275602
5.156,1289,t,3,-0.11510990779397644
5.16,1290,t,3,-0.11623115401904116
5.164,1291,t,3,-0.11804724463855515
5.168,1292,t,3,-0.12014401325447219
5.172,1293,t,3,-0.11494202986680951
5.176,1294,t,3,-0.11732844030069382
5.18,1295,t,3,-0.11989800798833529
5.184,1296,t,3,-0.11768727180063838
5.188,1297,t,3,-0.12206273294677758
5.192,1298,t,3,-0.12000924673978339
5.196,1299,t,3,-0.12797361291390713
5.2,1300,t,3,-0.12706921071427127
5.204,1301,t,3,-0.1267877252902329
5.208,1302,t,3,-0.12812603569836642
5.212,1303,t,3,-0.13103765756941438
5.216,1304,t,3,-0.13377731843287138
5.22,1305,t,3,-0.1402903969025098
5.224,1306,t,3,-0.13449929360810364
5.228,1307,t,3,-0.13802321264389653
5.232,1308,t,3,-0.14100994356201108
5.236,1309,t,3,-0.14673573412151045
5.24,1310,t,3,-0.15723395576029595
5.244,1311,t,3,-0.15625161952127156
5.248,1312,t,3,-0.15967798641064976
5.252,1313,t,3,-0.16186428655720567
5.256,1314,t,3,-0.16818189264263983
5.26,1315,t,3,-0.16919369054730582
5.264,1316,t,3,-0.16981813606507917
5.268,1317,t,3,-0.16771817834176356
5.272,1318,t,3,-0.1688321620715521
5.276,1319,t,3,-0.17047378269216326
5.28,1320,t,3,-0.17151457218773222
5.284,1321,t,3,-0.1671477498462138
5.288,1322,t,3,-0.16442395448505445
5.292,1323,t,3,-0.15969601316985443
5.296,1324,t,3,-0.15761675138080553
5.3,1325,t,3,-0.152903887474816
5.304,1326,t,3,-0.1479359556992374
5.308,1327,t,3,-0.14330395806486093
5.312,1328,t,3,-0.14115773768724355
5.316,1329,t,3,-0.14112565976085498
5.32,1330,t,3,-0.135870003075784
5.324,1331,t,3,-0.12914974301733997
5.328,1332,na,0,-0.12702166755529243
5.332,1333,na,0,-0.12610707997842016
5.336,1334,na,0,-0.12513771423547412
5.34,1335,na,0,-0.12499843354321018
5.344,1336,na,0,-0.12320224840264557
5.348,1337,na,0,-0.12324849288848652
5.352,1338,na,0,-0.12265960935759458
5.356,1339,na,0,-0.12393394588334068
5.36,1340,na,0,-0.12156970949520415
5.364,1341,na,0,-0.12110793840911993
5.368,1342,na,0,-0.11879256402269496
5.372,1343,na,0,-0.11723493461601693
5.376,1344,na,0,-0.11677747580089196
5.38,1345,na,0,-0.1168897962927923
5.384,1346,na,0,-0.11679847150239521
5.388,1347,na,0,-0.11576408677876047
5.392,1348,na,0,-0.11413324399556883
5.396,1349,na,0,-0.11431226330013575
5.4,1350,na,0,-0.11819889628647061
5.404,1351,na,0,-0.11467216713792464
5.408,1352,na,0,-0.11593552729971203
5.412,1353,na,0,-0.11642622757246832
5.416,1354,na,0,-0.11345305835329286
5.42,1355,na,0,-0.11562832214144712
5.424,1356,na,0,-0.11435760504828169
5.428,1357,na,0,-0.1152622399693375
5.432,1358,na,0,-0.1156646932697503
5.436,1359,na,0,-0.11419545220891351
5.44,1360,na,0,-0.11311850825084298
5.444,1361,na,0,-0.11296875663343409
5.448,1362,na,0,-0.11205315064367506
5.452,1363,na,0,-0.11113021391372402
5.456,1364,na,0,-0.11379213612736037
5.46,1365,na,0,-0.11383497061681831
5.464,1366,na,0,-0.11447665208611398
5.468,1367,na,0,-0.1131883816190393
5.472,1368,na,0,-0.11262707194189144
5.476,1369,na,0,-0.11350443132331262
5.48,1370,na,0,-0.11143285232863558
5.484,1371,na,0,-0.11386853188928424
5.488,1372,na,0,-0.1175234697895216
5.492,1373,na,0,-0.11347071374325468
5.496,1374,na,0,-0.11212737532791985
5.5,1375,na,0,-0.11227402943389372
5.5040000000000004,1376,na,0,-0.11591330337580366
5.508,1377,na,0,-0.11484479108207793
5.5120000000000005,1378,na,0,-0.11519721012861364
5.516,1379,na,0,-0.11441917959604894
5.5200000000000005,1380,na,0,-0.11450782322103588
5.524,1381,na,0,-0.11596452761077494
5.5280000000000005,1382,na,0,-0.11342845686949411
5.532,1383,na,0,-0.11364242329866629
5.5360000000000005,1384,na,0,-0.11244014746822914
5.54,1385,na,0,-0.114010552916379
5.5440000000000005,1386,na,0,-0.11758752043871003
5.548,1387,na,0,-0.11617510944606689
5.5520000000000005,1388,na,0,-0.11482027390807255
5.556,1389,na,0,-0.11303451707499554
5.5600000000000005,1390,na,0,-0.11425091276417425
5.564,1391,na,0,-0.11274007089520122
5.5680000000000005,1392,na,0,-0.1113526554900107
5.572,1393,na,0,-0.11103252006865183
5.5760000000000005,1394,na,0,-0.10870895145709228
5.58,1395,na,0,-0.10981484881914906
5.5840000000000005,1396,na,0,-0.11362024959352922
5.588,1397,na,0,-0.11133230515089565
5.5920000000000005,1398,na,0,-0.11222564714461908
5.596,1399,na,0,-0.11249124643679469
5.6000000000000005,1400,na,0,-0.11145548051370363
5.604,1401,na,0,-0.11019993798509595
5.6080000000000005,1402,na,0,-0.11708835505735879
5.612,1403,na,0,-0.11499935486966623
5.6160000000000005,1404,na,0,-0.11349784991904635
5.62,1405,na,0,-0.11088681299120093
5.6240000000000006,1406,na,0,-0.11143935792794923
5.628,1407,na,0,-0.11026830628732592
5.632,1408,na,0,-0.1090007601602082
5.636,1409,na,0,-0.11131456666500053
5.64,1410,na,0,-0.11023283751326485
5.644,1411,na,0,-0.11428346039760758
5.648,1412,na,0,-0.10771933588057109
5.652,1413,na,0,-0.11092228344332551
5.656,1414,na,0,-0.11021905329606052
5.66,1415,na,0,-0.11187869972639362
5.664,1416,na,0,-0.11147707043520634
5.668,1417,na,0,-0.1116228022139243
5.672,1418,na,0,-0.11249283388286174
5.676,1419,na,0,-0.11147535840599031
5.68,1420,na,0,-0.11323431887813759
5.684,1421,na,0,-0.11434871088591454
5.688,1422,na,0,-0.11204210060616489
5.692,1423,na,0,-0.10933795536881585
5.696,1424,na,0,-0.11027296937662664
5.7,1425,na,0,-0.11212679629450562
5.704,1426,na,0,-0.11293016822717535
5.708,1427,na,0,-0.11298385049740114
5.712,1428,na,0,-0.1085988341884791
5.716,1429,na,0,-0.11040303467264821
5.72,1430,na,0,-0.11054711940792632
5.724,1431,na,0,-0.11252189259291918
5.728,1432,na,0,-0.11104692351535701
5.732,1433,na,0,-0.10921261509701036
5.736,1434,na,0,-0.10911659648203416
5.74,1435,na,0,-0.11000017263346902
5.744,1436,na,0,-0.11044063837096801
5.748,1437,na,0,-0.11192304298851131
5.752,1438,na,0,-0.1082343306060825
5.756,1439,na,0,-0.11032084955187764
5.76,1440,na,0,-0.1082640208813286
5.764,1441,na,0,-0.10950753933458833
5.768,1442,na,0,-0.10864244858504214
5.772,1443,na,0,-0.10910363374286147
5.776,1444,na,0,-0.11030321760302912
5.78,1445,na,0,-0.10872797353831475
5.784,1446,na,0,-0.10750016995952986
5.788,1447,na,0,-0.10775027411788983
5.792,1448,na,0,-0.10620708376793585
5.796,1449,na,0,-0.1067802354196614
5.8,1450,na,0,-0.10545864913213848
5.804,1451,na,0,-0.10739357041914914
5.808,1452,na,0,-0.10561792323580772
5.812,1453,na,0,-0.1047509812789308
5.816,1454,na,0,-0.10503301454193666
5.82,1455,na,0,-0.10672865198990483
5.824,1456,na,0,-0.10723566966188042
5.828,1457,na,0,-0.10531034927579033
5.832,1458,na,0,-0.1057666477129289
5.836,1459,na,0,-0.10390298584881007
5.84,1460,na,0,-0.10439884446969463
5.844,1461,na,0,-0.10489417763036686
5.848,1462,na,0,-0.10673939565090713
5.852,1463,na,0,-0.10338277260253036
5.856,1464,na,0,-0.10203481929847318
5.86,1465,na,0,-0.1040440264953851
5.864,1466,na,0,-0.10518210925788693
5.868,1467,na,0,-0.10175684584693244
5.872,1468,na,0,-0.09996907448862855
5.876,1469,na,0,-0.10111250860804202
5.88,1470,na,0,-0.09287499352010388
5.884,1471,na,0,-0.08590388373987407
5.888,1472,na,0,-0.08399388024297176
5.892,1473,p,1,-0.08300977569498855
5.896,1474,p,1,-0.08174240633927621
5.9,1475,p,1,-0.09461686336309774
5.904,1476,p,1,-0.10909421299846343
5.908,1477,p,1,-0.1182993918863833
5.912,1478,p,1,-0.1227953878858134
5.916,1479,p,1,-0.12973038990232386
5.92,1480,p,1,-0.1328755746164442
5.924,1481,p,1,-0.13126222151684497
5.928,1482,p,1,-0.12810081476416735
5.932,1483,p,1,-0.1227464663224749
5.936,1484,p,1,-0.11830575166842143
5.94,1485,na,0,-0.1005153233614025
5.944,1486,na,0,-0.0937709475526675
5.948,1487,na,0,-0.0938157949021614
5.952,1488,na,0,-0.0972577941803283
5.956,1489,na,0,-0.09248637129420763
5.96,1490,na,0,-0.09546831599834328
5.964,1491,na,0,-0.09637606889861039
5.968,1492,na,0,-0.09432542530763477
5.972,1493,na,0,-0.09477974427856302
5.976,1494,a,2,-0.09494022601044283
5.98,1495,a,2,-0.09262814455668188
5.984,1496,a,2,-0.08921567642798173
5.988,1497,a,2,-0.06675199099464228
5.992,1498,a,2,-0.04186655716396101
5.996,1499,a,2,-0.01013823394638621
6.0,1500,a,2,-0.0024860105064928462
6.0040000000000004,1501,a,2,-0.03784240637720509
6.008,1502,a,2,-0.08578501175201293
6.0120000000000005,1503,a,2,-0.18061390506951341
6.016,1504,a,2,-0.2490424905879159
6.0200000000000005,1505,a,2,-0.3245070799360659
6.024,1506,a,2,-0.3782158232368269
6.0280000000000005,1507,a,2,-0.4007358103086282
6.032,1508,a,2,-0.38589635981197523
6.0360000000000005,1509,a,2,-0.32578529800160566
6.04,1510,a,2,-0.26616908505277365
6.0440000000000005,1511,a,2,-0.2186975198229369
6.048,1512,a,2,-0.1690895817337701
6.0520000000000005,1513,a,2,-0.1480499117801077
6.056,1514,a,2,-0.12242589182190418
6.0600000000000005,1515,a,2,-0.10583387940135974
6.064,1516,a,2,-0.09445190174212222
6.0680000000000005,1517,a,2,-0.08785499731995597
6.072,1518,na,0,-0.08190525426113542
6.0760000000000005,1519,na,0,-0.07888520611986542
6.08,1520,na,0,-0.07943709022047862
6.0840000000000005,1521,na,0,-0.07609157595688722
6.088,1522,na,0,-0.07372518198516258
6.0920000000000005,1523,na,0,-0.07450193280133435
6.096,1524,na,0,-0.07388520394768462
6.1000000000000005,1525,na,0,-0.07503256162005228
6.104,1526,na,0,-0.06967823380924519
6.1080000000000005,1527,na,0,-0.06902487077592848
6.112,1528,na,0,-0.07027425052767863
6.1160000000000005,1529,na,0,-0.07187044260916076
6.12,1530,na,0,-0.06913311807009448
6.1240000000000006,1531,na,0,-0.06600870602070343
6.128,1532,na,0,-0.06926519398637192
6.132000000000001,1533,na,0,-0.07088074669434508
6.136,1534,na,0,-0.06766471629904054
6.14,1535,na,0,-0.06896417136786909
6.144,1536,na,0,-0.06983962194561036
6.148,1537,na,0,-0.06780962240742658
6.152,1538,na,0,-0.068095434676013
6.156,1539,na,0,-0.06901516069096571
6.16,1540,na,0,-0.06607293683964559
6.164,1541,na,0,-0.07125215844421698
6.168,1542,na,0,-0.07148299606714073
6.172,1543,na,0,-0.07012066243411773
6.176,1544,na,0,-0.07138521484201171
6.18,1545,na,0,-0.07040759564577821
6.184,1546,na,0,-0.06979835610070954
6.188,1547,t,3,-0.0695850694557199
6.192,1548,t,3,-0.07098581977363401
6.196,1549,t,3,-0.07297209852828537
6.2,1550,t,3,-0.07129332692325424
6.204,1551,t,3,-0.07526983968863121
6.208,1552,t,3,-0.07755855599033519
6.212,1553,t,3,-0.07303816203385843
6.216,1554,t,3,-0.07800433704536351
6.22,1555,t,3,-0.0780045522358734
6.224,1556,t,3,-0.08072816244151662
6.228,1557,t,3,-0.08317896238648989
6.232,1558,t,3,-0.08500909792850564
6.236,1559,t,3,-0.09165652556933482
6.24,1560,t,3,-0.09414514092869418
6.244,1561,t,3,-0.09531567148179848
6.248,1562,t,3,-0.09698460464009745
6.252,1563,t,3,-0.10135721570445276
6.256,1564,t,3,-0.10732541644595342
6.26,1565,t,3,-0.10907982791421596
6.264,1566,t,3,-0.11086200977735633
6.268,1567,t,3,-0.11337942742084281
6.272,1568,t,3,-0.11385833337881254
6.276,1569,t,3,-0.11448967257346095
6.28,1570,t,3,-0.11514431555649035
6.284,1571,t,3,-0.1143431692840811
6.288,1572,t,3,-0.10973113839164249
6.292,1573,t,3,-0.10593573442303555
6.296,1574,t,3,-0.10682065617701755
6.3,1575,t,3,-0.1050234934621673
6.304,1576,t,3,-0.10082412510047963
6.308,1577,t,3,-0.09574966350850117
6.312,1578,t,3,-0.09187928583136376
6.316,1579,t,3,-0.09063362181652909
6.32,1580,t,3,-0.08673059337115153
6.324,1581,t,3,-0.08185214714865272
6.328,1582,t,3,-0.07892319680381382
6.332,1583,na,0,-0.07532874999707499
6.336,1584,na,0,-0.07654061127115822
6.34,1585,na,0,-0.07658997743739016
6.344,1586,na,0,-0.07559886742981471
6.348,1587,na,0,-0.07329858625065166
6.352,1588,na,0,-0.07429133940250551
6.356,1589,na,0,-0.07458933015349596
6.36,1590,na,0,-0.07234460555394112
6.364,1591,na,0,-0.07034012285184454
6.368,1592,na,0,-0.07094139545530717
6.372,1593,na,0,-0.06851115809654403
6.376,1594,na,0,-0.0708816807811747
6.38,1595,na,0,-0.07007205488728786
6.384,1596,na,0,-0.07066999135148098
6.388,1597,na,0,-0.06837615656659282
6.392,1598,na,0,-0.06485041017815002
6.396,1599,na,0,-0.06573569164477104
6.4,1600,na,0,-0.06968260328738846
6.404,1601,na,0,-0.06641346262592368
6.408,1602,na,0,-0.06777565538320854
6.412,1603,na,0,-0.06633727590962545
6.416,1604,na,0,-0.07050904800716726
6.42,1605,na,0,-0.06879534217052526
6.424,1606,na,0,-0.06719213296382068
6.428,1607,na,0,-0.061893483772843365
6.432,1608,na,0,-0.06324887956852858
6.436,1609,na,0,-0.0661012815143951
6.44,1610,na,0,-0.06491289213405432
6.444,1611,na,0,-0.06120941674454741
6.448,1612,na,0,-0.06376770741340401
6.452,1613,na,0,-0.06421549018650688
6.456,1614,na,0,-0.0628268971845412
6.46,1615,na,0,-0.06219634009228539
6.464,1616,na,0,-0.0614014168445937
6.468,1617,na,0,-0.058417210308603765
6.472,1618,na,0,-0.06284957785574674
6.476,1619,na,0,-0.06594285326098834
6.48,1620,na,0,-0.06593316480992364
6.484,1621,na,0,-0.06234930940473346
6.488,1622,na,0,-0.06193587902961165
6.492,1623,na,0,-0.05840980386412169
6.496,1624,na,0,-0.061861526894613716
6.5,1625,na,0,-0.06015272203053049
6.5040000000000004,1626,na,0,-0.06079443701874336
6.508,1627,na,0,-0.060245376165543874
6.5120000000000005,1628,na,0,-0.05892438659024198
6.516,1629,na,0,-0.06050488581866249
6.5200000000000005,1630,na,0,-0.05650239784095204
6.524,1631,na,0,-0.05845371881635743
6.5280000000000005,1632,na,0,-0.05719780387951912
6.532,1633,na,0,-0.05906272534561426
6.5360000000000005,1634,na,0,-0.05904947804829356
6.54,1635,na,0,-0.05703609606711789
6.5440000000000005,1636,na,0,-0.05462485071392125
6.548,1637,na,0,-0.05741689458275367
6.5520000000000005,1638,na,0,-0.059216363641694005
6.556,1639,na,0,-0.057919779455567984
6.5600000000000005,1640,na,0,-0.05648506266188354
6.564,1641,na,0,-0.054328245815144796
6.5680000000000005,1642,na,0,-0.056673725739729654
6.572,1643,na,0,-0.05853772971047528
6.5760000000000005,1644,na,0,-0.05333776799246038
6.58,1645,na,0,-0.053159981291968826
6.5840000000000005,1646,na,0,-0.05267628787018794
6.588,1647,na,0,-0.05291029041613674
6.5920000000000005,1648,na,0,-0.05383675880606868
6.596,1649,na,0,-0.055387973821589824
6.6000000000000005,1650,na,0,-0.05300188519074891
6.604,1651,na,0,-0.05400510099729409
6.6080000000000005,1652,na,0,-0.05093391754732289
6.612,1653,na,0,-0.05301366197933187
6.6160000000000005,1654,na,0,-0.05225630329434969
6.62,1655,na,0,-0.054509250197585804
6.6240000000000006,1656,na,0,-0.05360512836525006
6.628,1657,na,0,-0.051931891569410894
6.632000000000001,1658,na,0,-0.05518987238079683
6.636,1659,na,0,-0.054197717530621144
6.640000000000001,1660,na,0,-0.05314382931559501
6.644,1661,na,0,-0.053027471748057865
6.648,1662,na,0,-0.05082595222017928
6.652,1663,na,0,-0.05630496393215531
6.656,1664,na,0,-0.056540761275082764
6.66,1665,na,0,-0.05188564511900654
6.664,1666,na,0,-0.04863467004236118
6.668,1667,na,0,-0.05157461631370825
6.672,1668,na,0,-0.05138511171766
6.676,1669,na,0,-0.05014639653391874
6.68,1670,na,0,-0.05221735829416239
6.684,1671,na,0,-0.050699881818365475
6.688,1672,na,0,-0.04947035816754562
6.692,1673,na,0,-0.048565525970269106
6.696,1674,na,0,-0.04710385127506506
6.7,1675,na,0,-0.04921612244690853
6.704,1676,na,0,-0.05064765172953919
6.708,1677,na,0,-0.04661624362350589
6.712,1678,na,0,-0.04829349912286158
6.716,1679,na,0,-0.050422319102111646
6.72,1680,na,0,-0.05031246017117509
6.724,1681,na,0,-0.04898790725127314
6.728,1682,na,0,-0.04757128199197734
6.732,1683,na,0,-0.047605717938608176
6.736,1684,na,0,-0.04583088218176167
6.74,1685,na,0,-0.048325046791410045
6.744,1686,na,0,-0.048356160302784945
6.748,1687,na,0,-0.043826523467538445
6.752,1688,na,0,-0.044123592897286505
6.756,1689,na,0,-0.04570241659880586
6.76,1690,na,0,-0.043736300797319695
6.764,1691,na,0,-0.04639691498747023
6.768,1692,na,0,-0.044431681471759105
6.772,1693,na,0,-0.04565717621201978
6.776,1694,na,0,-0.04639896489743859
6.78,1695,na,0,-0.047931286669879315
6.784,1696,na,0,-0.045685147568859705
6.788,1697,na,0,-0.046994225546836035
6.792,1698,na,0,-0.045511808027082365
6.796,1699,na,0,-0.04553988674451122
6.8,1700,na,0,-0.04659584306876544
6.804,1701,na,0,-0.043060259621099675
6.808,1702,na,0,-0.04047229823870698
6.812,1703,na,0,-0.04568084699275481
6.816,1704,na,0,-0.04095916765646492
6.82,1705,na,0,-0.033462147152203706
6.824,1706,na,0,-0.030513561926716934
6.828,1707,na,0,-0.028430424710435047
6.832,1708,na,0,-0.026854724781315963
6.836,1709,na,0,-0.02779724580757486
6.84,1710,na,0,-0.027895446368776357
6.844,1711,na,0,-0.02637076123630012
6.848,1712,na,0,-0.03106312008754857
6.852,1713,na,0,-0.027023947653382778
6.856,1714,na,0,-0.026254634483522343
6.86,1715,na,0,-0.0251294251476441
6.864,1716,na,0,-0.02473689271737187
6.868,1717,na,0,-0.026002537779208537
6.872,1718,na,0,-0.02526962382526233
6.876,1719,na,0,-0.02372340822460549
6.88,1720,na,0,-0.025589982046135214
6.884,1721,na,0,-0.02369428677437392
6.888,1722,na,0,-0.02599720931594556
6.892,1723,na,0,-0.023848788588917858
6.896,1724,na,0,-0.02643774397557089
6.9,1725,na,0,-0.02869683871136939
6.904,1726,na,0,-0.024422464991557504
6.908,1727,na,0,-0.023876761616228807
6.912,1728,na,0,-0.024555283191452247
6.916,1729,na,0,-0.023757126560969836
6.92,1730,na,0,-0.024591460590512124
6.924,1731,na,0,-0.021912850749788118
6.928,1732,na,0,-0.01756768434312701
6.932,1733,na,0,-0.008876224137141276
6.936,1734,p,1,-0.011455907720251844
6.94,1735,p,1,-0.004799686908974423
6.944,1736,p,1,-0.0064242816857150165
6.948,1737,p,1,-0.026267245560714494
6.952,1738,p,1,-0.03408798276364741
6.956,1739,p,1,-0.03704258958294827
6.96,1740,p,1,-0.04514801996625083
6.964,1741,p,1,-0.050185024380242985
6.968,1742,p,1,-0.04961740215205539
6.972,1743,p,1,-0.05154653405228686
6.976,1744,p,1,-0.0500670763185284
6.98,1745,p,1,-0.04367241875547704
6.984,1746,p,1,-0.03888334751992127
6.988,1747,p,1,-0.024810858021152564
6.992,1748,na,0,-0.018446862328860624
6.996,1749,na,0,-0.015018101791714799
7.0,1750,na,0,-0.0189625320836027
7.0040000000000004,1751,na,0,-0.017563671763630963
7.008,1752,na,0,-0.018990378832117745
7.0120000000000005,1753,na,0,-0.016478185591933814
7.016,1754,na,0,-0.02070296353742299
7.0200000000000005,1755,na,0,-0.015949321961963917
7.024,1756,na,0,-0.01699687465045745
7.0280000000000005,1757,a,2,-0.016272863438885316
7.032,1758,a,2,-0.011400580269028616
7.0360000000000005,1759,a,2,0.006436626093320297
7.04,1760,a,2,0.030096788808877912
7.0440000000000005,1761,a,2,0.05861662349284434
7.048,1762,a,2,0.07253358816020616
7.0520000000000005,1763,a,2,0.037417957758015145
7.056,1764,a,2,-0.004383245447962202
7.0600000000000005,1765,a,2,-0.0871056145929247
7.064,1766,a,2,-0.15940058993707532
7.0680000000000005,1767,a,2,-0.23484211121233195
7.072,1768,a,2,-0.29516563028435866
7.0760000000000005,1769,a,2,-0.3318665860102465
7.08,1770,a,2,-0.3244051916302381
7.0840000000000005,1771,a,2,-0.2716837492223492
7.088,1772,a,2,-0.21631744192954852
7.0920000000000005,1773,a,2,-0.17216962747129227
7.096,1774,a,2,-0.11448381617461845
7.1000000000000005,1775,a,2,-0.08829854277412992
7.104,1776,a,2,-0.06155319748362322
7.1080000000000005,1777,a,2,-0.03792145089740907
7.112,1778,a,2,-0.0276294835317273
7.1160000000000005,1779,na,0,-0.012998662771392373
7.12,1780,na,0,-0.006470300406619163
7.1240000000000006,1781,na,0,-0.008549188416152594
7.128,1782,na,0,-0.008998854933931847
7.132000000000001,1783,na,0,-0.007865582792211138
7.136,1784,na,0,-0.0012275218923491593
7.140000000000001,1785,na,0,-0.000679025322351788
7.144,1786,na,0,0.001056347428638594
7.148000000000001,1787,na,0,-0.0039503624893888175
7.152,1788,na,0,-0.002377987350059459
7.156000000000001,1789,na,0,0.00011410480285841232
7.16,1790,na,0,0.002872963753643137
7.164,1791,na,0,0.0011830432006954084
7.168,1792,na,0,-0.000491378141332234
7.172,1793,na,0,-0.0021796016189757892
7.176,1794,na,0,0.005051051669160836
7.18,1795,na,0,0.0021483769406359216
7.184,1796,na,0,0.0017437197700695948
7.188,1797,na,0,0.0002400715743685737
7.192,1798,na,0,-0.0017678542672691835
7.196,1799,na,0,0.0008633080821466365
7.2,1800,na,0,0.0025813488222474236
7.204,1801,na,0,0.0035652739723167773
7.208,1802,t,3,0.0011318930446208811
7.212,1803,t,3,5.522993203271654e-06
7.216,1804,t,3,0.004565242969360429
7.22,1805,t,3,0.001997527351512406
7.224,1806,t,3,0.0033913063883160024
7.228,1807,t,3,-0.002632778148063619
7.232,1808,t,3,-0.0019117198372424584
7.236,1809,t,3,1.5320903539270603e-05
7.24,1810,t,3,-0.0007043718045537503
7.244,1811,t,3,0.0016454920327106835
7.248,1812,t,3,-0.0009698810301703816
7.252,1813,t,3,-0.006165999508087577
7.256,1814,t,3,-0.002082691155718601
7.26,1815,t,3,-0.003926114221709213
7.264,1816,t,3,-0.004791021241742681
7.268,1817,t,3,-0.004382330877125753
7.272,1818,t,3,-0.007915089969867268
7.276,1819,t,3,-0.008801087099518396
7.28,1820,t,3,-0.013607424046412974
7.284,1821,t,3,-0.01423497117599319
7.288,1822,t,3,-0.015147772903189093
7.292,1823,t,3,-0.0177495675080605
7.296,1824,t,3,-0.020393001057547874
7.3,1825,t,3,-0.024759936351681472
7.304,1826,t,3,-0.027269356502200935
7.308,1827,t,3,-0.031260013306738124
7.312,1828,t,3,-0.033633548923189385
7.316,1829,t,3,-0.03699797918084603
7.32,1830,t,3,-0.0394337459210209
7.324,1831,t,3,-0.03746057875107875
7.328,1832,t,3,-0.03361952996159986
7.332,1833,t,3,-0.033593078089965374
7.336,1834,t,3,-0.034812234053501236
7.34,1835,t,3,-0.034252015934948095
7.344,1836,t,3,-0.02916799283196508
7.348,1837,t,3,-0.029140326659944232
7.352,1838,t,3,-0.025516606240770758
7.356,1839,t,3,-0.023860397846668924
7.36,1840,t,3,-0.018604502942159627
7.364,1841,t,3,-0.012834484847971112
7.368,1842,t,3,-0.009930896844977293
7.372,1843,t,3,-0.008706029634281163
7.376,1844,t,3,-0.005908193717083077
7.38,1845,t,3,-0.003710156285112419
7.384,1846,t,3,0.0002852436233144317
7.388,1847,t,3,0.00043908057681763923
7.392,1848,t,3,0.000715899579260497
7.396,1849,t,3,0.004848127650442814
7.4,1850,t,3,0.003579725080513572
7.404,1851,na,0,0.0024730200978811353
7.408,1852,na,0,0.004168841160268483
7.412,1853,na,0,0.006865411635771034
7.416,1854,na,0,0.006123318326509889
7.42,1855,na,0,0.005970598655670892
7.424,1856,na,0,0.009000997909888986
7.428,1857,na,0,0.009270416788684259
7.432,1858,na,0,0.007951249461674376
7.436,1859,na,0,0.006794614593864924
7.44,1860,na,0,0.011184369084899544
7.444,1861,na,0,0.01337321117517792
7.448,1862,na,0,0.012741430138039352
7.452,1863,na,0,0.013002934831201931
7.456,1864,na,0,0.01227291976036949
7.46,1865,na,0,0.013882060866860713
7.464,1866,na,0,0.014999718417967734
7.468,1867,na,0,0.014398852203682151
7.472,1868,na,0,0.014468961123894952
7.476,1869,na,0,0.014353685208890228
7.48,1870,na,0,0.016833445108297453
7.484,1871,na,0,0.015115024999428944
7.488,1872,na,0,0.016164758997289773
7.492,1873,na,0,0.017051243110505244
7.496,1874,na,0,0.0152266006933489
7.5,1875,na,0,0.017833175619344662
7.5040000000000004,1876,na,0,0.0199476046615791
7.508,1877,na,0,0.015878347083729687
7.5120000000000005,1878,na,0,0.015034856039625783
7.516,1879,na,0,0.01625311043571668
7.5200000000000005,1880,na,0,0.014286279366423776
7.524,1881,na,0,0.016403702991491055
7.5280000000000005,1882,na,0,0.0188460121611911
7.532,1883,na,0,0.01734538565814168
7.5360000000000005,1884,na,0,0.017978865373807766
7.54,1885,na,0,0.018292568714965558
7.5440000000000005,1886,na,0,0.021259214576049835
7.548,1887,na,0,0.016434574852194267
7.5520000000000005,1888,na,0,0.019699840127540235
7.556,1889,na,0,0.0164553343830372
7.5600000000000005,1890,na,0,0.016355220017805608
7.564,1891,na,0,0.021530301903013516
7.5680000000000005,1892,na,0,0.02461940704985302
7.572,1893,na,0,0.024681637858395302
7.5760000000000005,1894,na,0,0.02080112986826382
7.58,1895,na,0,0.017810332078497772
7.5840000000000005,1896,na,0,0.02126133479722935
7.588,1897,na,0,0.024433798217547584
7.5920000000000005,1898,na,0,0.025354017059911672
7.596,1899,na,0,0.02154144067064897
7.6000000000000005,1900,na,0,0.023816101057034213
7.604,1901,na,0,0.023866561691738283
7.6080000000000005,1902,na,0,0.022910730365441136
7.612,1903,na,0,0.027733740543931785
7.6160000000000005,1904,na,0,0.0250384630008071
7.62,1905,na,0,0.02647345123318616
7.6240000000000006,1906,na,0,0.024601170524612
7.628,1907,na,0,0.02847711535057406
7.632000000000001,1908,na,0,0.02546208225336959
7.636,1909,na,0,0.025555707572587575
7.640000000000001,1910,na,0,0.027288587055184277
7.644,1911,na,0,0.028247020298581248
7.648000000000001,1912,na,0,0.02808213998129251
7.652,1913,na,0,0.026356184774435548
7.656000000000001,1914,na,0,0.02528186746995511
7.66,1915,na,0,0.02396788852797642
7.664000000000001,1916,na,0,0.029922474084516808
7.668,1917,na,0,0.029276149504919746
7.672000000000001,1918,na,0,0.028101679763401975
7.676,1919,na,0,0.02805190257598771
7.68,1920,na,0,0.03139809919493263
7.684,1921,na,0,0.03120513035096201
7.688,1922,na,0,0.03350198431834889
7.692,1923,na,0,0.03526612125446217
7.696,1924,na,0,0.032591469300296404
7.7,1925,na,0,0.030869272086878227
7.704,1926,na,0,0.033349535063377754
7.708,1927,na,0,0.03384861805586773
7.712,1928,na,0,0.0339813306628601
7.716,1929,na,0,0.03272685047568936
7.72,1930,na,0,0.031431809562255685
7.724,1931,na,0,0.033456772853448814
7.728,1932,na,0,0.035220951153491345
7.732,1933,na,0,0.03482651030267971
7.736,1934,na,0,0.03437175271230823
7.74,1935,na,0,0.033402021503753626
7.744,1936,na,0,0.03279606935345668
7.748,1937,na,0,0.03649516838451394
7.752,1938,na,0,0.03543816742454388
7.756,1939,na,0,0.03252113047755943
7.76,1940,na,0,0.035611250119561025
7.764,1941,na,0,0.03698440874574891
7.768,1942,na,0,0.03700445939325503
7.772,1943,na,0,0.037617859849201726
7.776,1944,na,0,0.03578189029924892
7.78,1945,na,0,0.03836919642942174
7.784,1946,na,0,0.040926032962238144
7.788,1947,na,0,0.041110767351849216
7.792,1948,na,0,0.03972251560977324
7.796,1949,na,0,0.040685142064505554
7.8,1950,na,0,0.04200362915757762
7.804,1951,na,0,0.04270528949451132
7.808,1952,na,0,0.04251483770333349
7.812,1953,na,0,0.042639766012017945
7.816,1954,na,0,0.04090117260310698
7.82,1955,na,0,0.04221729710497377
7.824,1956,na,0,0.04000903733497593
7.828,1957,na,0,0.04322236443634769
7.832,1958,na,0,0.041177333758880254
7.836,1959,na,0,0.04539429151816849
7.84,1960,na,0,0.049621205964368316
7.844,1961,na,0,0.04537113390515974
7.848,1962,na,0,0.04736485672979242
7.852,1963,na,0,0.04667242911134153
7.856,1964,na,0,0.044550707917989596
7.86,1965,na,0,0.050121934305155574
7.864,1966,na,0,0.05105985559169846
7.868,1967,na,0,0.05059691394549246
7.872,1968,na,0,0.04991733464482981
7.876,1969,na,0,0.050270324562023835
7.88,1970,na,0,0.050391700411941444
7.884,1971,na,0,0.05046992057374468
7.888,1972,na,0,0.051284204123641645
7.892,1973,na,0,0.05272376488016687
7.896,1974,na,0,0.053261359594100194
7.9,1975,na,0,0.05220465807807068
7.904,1976,na,0,0.054606767411370244
7.908,1977,na,0,0.057144626893858894
7.912,1978,na,0,0.05368365055619727
7.916,1979,na,0,0.052466719148405096
7.92,1980,na,0,0.050900871208949254
7.924,1981,na,0,0.053223787453107685
7.928,1982,na,0,0.05550399155410778
7.932,1983,na,0,0.05952527270163874
7.936,1984,na,0,0.061147393082473696
7.94,1985,na,0,0.06087973517455955
7.944,1986,na,0,0.06385740777332273
7.948,1987,na,0,0.07379033294826512
7.952,1988,p,1,0.07341481664987494
7.956,1989,p,1,0.07831407379368445
7.96,1990,p,1,0.07559964780016781
7.964,1991,p,1,0.05662297220015205
7.968,1992,p,1,0.042203205388205156
7.972,1993,p,1,0.03866157395062089
7.976,1994,p,1,0.03807843713416532
7.98,1995,p,1,0.03211406500924509
7.984,1996,p,1,0.03020033231386248
7.988,1997,p,1,0.031996131108614316
7.992,1998,p,1,0.03470302549925268
7.996,1999,p,1,0.041856530572444324
8.0,2000,p,1,0.049912129477051856
8.004000000000001,2001,na,0,0.06217073130387271
8.008,2002,na,0,0.065761150910814
8.012,2003,na,0,0.06919423511465611
8.016,2004,na,0,0.06722536808966681
8.02,2005,na,0,0.07018920032985759
8.024000000000001,2006,na,0,0.06675464582883028
8.028,2007,na,0,0.07034111928705
8.032,2008,na,0,0.06622617960952609
8.036000000000001,2009,a,2,0.07052197754479006
8.04,2010,a,2,0.06773137900463096
8.044,2011,a,2,0.07135989973772523
8.048,2012,a,2,0.07546483033888716
8.052,2013,a,2,0.09931708334592415
8.056000000000001,2014,a,2,0.12447542225292332
8.06,2015,a,2,0.1521601235584878
8.064,2016,a,2,0.15571842221904403
8.068000000000001,2017,a,2,0.11398829349453063
8.072,2018,a,2,0.061382418685407385
8.076,2019,a,2,-0.027849554334731023
8.08,2020,a,2,-0.07052866350779409
8.084,2021,a,2,-0.14140031275029938
8.088000000000001,2022,a,2,-0.18632095571572804
8.092,2023,a,2,-0.19802335620385697
8.096,2024,a,2,-0.18108304357257746
8.100000000000001,2025,a,2,-0.11985344608514777
8.104,2026,a,2,-0.06751538607698736
8.108,2027,a,2,-0.026376210061482653
8.112,2028,a,2,0.01965875445835127
8.116,2029,a,2,0.033782493053808274
8.120000000000001,2030,a,2,0.052859363408578976
8.124,2031,a,2,0.07832871046263473
